case,unitizer,unit_id,kind,variant_id,baseline,decision,distance
artisanflow,paragraph,p01,delete,paragraph-p01-delete,growth,growth,0.0
artisanflow,paragraph,p01,whitespace_jitter,paragraph-p01-whitespace_jitter,growth,growth,0.0
artisanflow,paragraph,p02,delete,paragraph-p02-delete,growth,growth,0.0
artisanflow,paragraph,p02,numeric_magnitude,paragraph-p02-numeric_magnitude,growth,seed,1.0
artisanflow,paragraph,p02,punctuation_normalize,paragraph-p02-punctuation_normalize,growth,growth,0.0
artisanflow,paragraph,p03,delete,paragraph-p03-delete,growth,seed,1.0
artisanflow,paragraph,p03,whitespace_jitter,paragraph-p03-whitespace_jitter,growth,growth,0.0
artisanflow,paragraph,p04,delete,paragraph-p04-delete,growth,growth,0.0
artisanflow,paragraph,p04,numeric_magnitude,paragraph-p04-numeric_magnitude,growth,growth,0.0
artisanflow,paragraph,p02,whitespace_jitter,paragraph-p02-whitespace_jitter,growth,seed,1.0
artisanflow,paragraph,p05,delete,paragraph-p05-delete,growth,growth,0.0
artisanflow,paragraph,p05,numeric_magnitude,paragraph-p05-numeric_magnitude,growth,growth,0.0
artisanflow,paragraph,p05,comparator_flip,paragraph-p05-comparator_flip,growth,growth,0.0
artisanflow,paragraph,p04,whitespace_jitter,paragraph-p04-whitespace_jitter,growth,seed,1.0
artisanflow,paragraph,p05,whitespace_jitter,paragraph-p05-whitespace_jitter,growth,seed,1.0
artisanflow,paragraph,p06,delete,paragraph-p06-delete,growth,seed,1.0
artisanflow,paragraph,p06,numeric_magnitude,paragraph-p06-numeric_magnitude,growth,growth,0.0
artisanflow,paragraph,p06,whitespace_jitter,paragraph-p06-whitespace_jitter,growth,seed,1.0
artisanflow,paragraph,p07,delete,paragraph-p07-delete,growth,growth,0.0
artisanflow,paragraph,p07,numeric_magnitude,paragraph-p07-numeric_magnitude,growth,growth,0.0
artisanflow,paragraph,p07,polarity_flip,paragraph-p07-polarity_flip,growth,growth,0.0
envelop,paragraph,p01,delete,paragraph-p01-delete,seed,seed,0.0
artisanflow,paragraph,p07,whitespace_jitter,paragraph-p07-whitespace_jitter,growth,seed,1.0
envelop,paragraph,p01,numeric_magnitude,paragraph-p01-numeric_magnitude,seed,pre-seed,1.0
envelop,paragraph,p01,whitespace_jitter,paragraph-p01-whitespace_jitter,seed,seed,0.0
envelop,paragraph,p02,delete,paragraph-p02-delete,seed,pre-seed,1.0
envelop,paragraph,p02,whitespace_jitter,paragraph-p02-whitespace_jitter,seed,seed,0.0
envelop,paragraph,p03,delete,paragraph-p03-delete,seed,pre-seed,1.0
envelop,paragraph,p03,numeric_magnitude,paragraph-p03-numeric_magnitude,seed,seed,0.0
envelop,paragraph,p03,whitespace_jitter,paragraph-p03-whitespace_jitter,seed,seed,0.0
envelop,paragraph,p04,delete,paragraph-p04-delete,seed,seed,0.0
envelop,paragraph,p04,whitespace_jitter,paragraph-p04-whitespace_jitter,seed,seed,0.0
envelop,paragraph,p05,whitespace_jitter,paragraph-p05-whitespace_jitter,seed,seed,0.0
envelop,paragraph,p06,delete,paragraph-p06-delete,seed,seed,0.0
envelop,paragraph,p05,delete,paragraph-p05-delete,seed,seed,0.0
envelop,paragraph,p07,delete,paragraph-p07-delete,seed,pre-seed,1.0
envelop,paragraph,p06,whitespace_jitter,paragraph-p06-whitespace_jitter,seed,seed,0.0
envelop,paragraph,p06,numeric_magnitude,paragraph-p06-numeric_magnitude,seed,seed,0.0
envelop,paragraph,p07,polarity_flip,paragraph-p07-polarity_flip,seed,seed,0.0
envelop,paragraph,p07,whitespace_jitter,paragraph-p07-whitespace_jitter,seed,seed,0.0
envelop,paragraph,p07,numeric_magnitude,paragraph-p07-numeric_magnitude,seed,seed,0.0
freakinggenius,paragraph,p01,delete,paragraph-p01-delete,idea,pre-seed,1.0
freakinggenius,paragraph,p01,whitespace_jitter,paragraph-p01-whitespace_jitter,idea,pre-seed,1.0
freakinggenius,paragraph,p01,punctuation_normalize,paragraph-p01-punctuation_normalize,idea,pre-seed,1.0
freakinggenius,paragraph,p02,numeric_magnitude,paragraph-p02-numeric_magnitude,idea,pre-seed,1.0
freakinggenius,paragraph,p03,delete,paragraph-p03-delete,idea,pre-seed,1.0
freakinggenius,paragraph,p02,delete,paragraph-p02-delete,idea,pre-seed,1.0
freakinggenius,paragraph,p02,whitespace_jitter,paragraph-p02-whitespace_jitter,idea,pre-seed,1.0
freakinggenius,paragraph,p03,numeric_magnitude,paragraph-p03-numeric_magnitude,idea,pre-seed,1.0
freakinggenius,paragraph,p03,whitespace_jitter,paragraph-p03-whitespace_jitter,idea,pre-seed,1.0
freakinggenius,paragraph,p04,delete,paragraph-p04-delete,idea,idea,0.0
freakinggenius,paragraph,p04,numeric_magnitude,paragraph-p04-numeric_magnitude,idea,pre-seed,1.0
freakinggenius,paragraph,p04,whitespace_jitter,paragraph-p04-whitespace_jitter,idea,pre-seed,1.0
freakinggenius,paragraph,p05,delete,paragraph-p05-delete,idea,idea,0.0
freakinggenius,paragraph,p06,delete,paragraph-p06-delete,idea,pre-seed,1.0
freakinggenius,paragraph,p05,whitespace_jitter,paragraph-p05-whitespace_jitter,idea,pre-seed,1.0
freakinggenius,paragraph,p06,numeric_magnitude,paragraph-p06-numeric_magnitude,idea,pre-seed,1.0
freakinggenius,paragraph,p06,whitespace_jitter,paragraph-p06-whitespace_jitter,idea,pre-seed,1.0
freakinggenius,paragraph,p07,delete,paragraph-p07-delete,idea,pre-seed,1.0
freakinggenius,paragraph,p07,comparator_flip,paragraph-p07-comparator_flip,idea,pre-seed,1.0
freakinggenius,paragraph,p07,whitespace_jitter,paragraph-p07-whitespace_jitter,idea,pre-seed,1.0
freakinggenius,paragraph,p07,polarity_flip,paragraph-p07-polarity_flip,idea,pre-seed,1.0
himom,paragraph,p01,delete,paragraph-p01-delete,idea,idea,0.0
himom,paragraph,p01,numeric_magnitude,paragraph-p01-numeric_magnitude,idea,idea,0.0
himom,paragraph,p01,whitespace_jitter,paragraph-p01-whitespace_jitter,idea,idea,0.0
himom,paragraph,p01,punctuation_normalize,paragraph-p01-punctuation_normalize,idea,idea,0.0
himom,paragraph,p02,delete,paragraph-p02-delete,idea,idea,0.0
himom,paragraph,p02,numeric_magnitude,paragraph-p02-numeric_magnitude,idea,idea,0.0
himom,paragraph,p02,whitespace_jitter,paragraph-p02-whitespace_jitter,idea,idea,0.0
himom,paragraph,p03,whitespace_jitter,paragraph-p03-whitespace_jitter,idea,idea,0.0
himom,paragraph,p03,delete,paragraph-p03-delete,idea,idea,0.0
himom,paragraph,p04,delete,paragraph-p04-delete,idea,idea,0.0
himom,paragraph,p04,whitespace_jitter,paragraph-p04-whitespace_jitter,idea,idea,0.0
himom,paragraph,p04,numeric_magnitude,paragraph-p04-numeric_magnitude,idea,idea,0.0
himom,paragraph,p05,delete,paragraph-p05-delete,idea,idea,0.0
himom,paragraph,p05,whitespace_jitter,paragraph-p05-whitespace_jitter,idea,idea,0.0
himom,paragraph,p06,whitespace_jitter,paragraph-p06-whitespace_jitter,idea,idea,0.0
meridian,paragraph,p01,delete,paragraph-p01-delete,pre-seed,pre-seed,0.0
himom,paragraph,p06,delete,paragraph-p06-delete,idea,idea,0.0
meridian,paragraph,p01,whitespace_jitter,paragraph-p01-whitespace_jitter,pre-seed,pre-seed,0.0
meridian,paragraph,p01,punctuation_normalize,paragraph-p01-punctuation_normalize,pre-seed,pre-seed,0.0
meridian,paragraph,p02,whitespace_jitter,paragraph-p02-whitespace_jitter,pre-seed,pre-seed,0.0
meridian,paragraph,p02,delete,paragraph-p02-delete,pre-seed,pre-seed,0.0
meridian,paragraph,p03,whitespace_jitter,paragraph-p03-whitespace_jitter,pre-seed,pre-seed,0.0
meridian,paragraph,p02,punctuation_normalize,paragraph-p02-punctuation_normalize,pre-seed,seed,1.0
meridian,paragraph,p03,delete,paragraph-p03-delete,pre-seed,pre-seed,0.0
meridian,paragraph,p04,whitespace_jitter,paragraph-p04-whitespace_jitter,pre-seed,pre-seed,0.0
meridian,paragraph,p04,numeric_magnitude,paragraph-p04-numeric_magnitude,pre-seed,pre-seed,0.0
meridian,paragraph,p04,delete,paragraph-p04-delete,pre-seed,pre-seed,0.0
meridian,paragraph,p05,delete,paragraph-p05-delete,pre-seed,pre-seed,0.0
meridian,paragraph,p05,numeric_magnitude,paragraph-p05-numeric_magnitude,pre-seed,pre-seed,0.0
meridian,paragraph,p05,whitespace_jitter,paragraph-p05-whitespace_jitter,pre-seed,pre-seed,0.0
meridian,paragraph,p06,numeric_magnitude,paragraph-p06-numeric_magnitude,pre-seed,pre-seed,0.0
meridian,paragraph,p06,delete,paragraph-p06-delete,pre-seed,pre-seed,0.0
meridian,paragraph,p06,whitespace_jitter,paragraph-p06-whitespace_jitter,pre-seed,pre-seed,0.0
meridian,paragraph,p07,delete,paragraph-p07-delete,pre-seed,pre-seed,0.0
meridian,paragraph,p07,whitespace_jitter,paragraph-p07-whitespace_jitter,pre-seed,pre-seed,0.0
narma,paragraph,p01,delete,paragraph-p01-delete,idea,idea,0.0
narma,paragraph,p01,numeric_magnitude,paragraph-p01-numeric_magnitude,idea,idea,0.0
narma,paragraph,p01,whitespace_jitter,paragraph-p01-whitespace_jitter,idea,idea,0.0
narma,paragraph,p01,polarity_flip,paragraph-p01-polarity_flip,idea,idea,0.0
narma,paragraph,p01,punctuation_normalize,paragraph-p01-punctuation_normalize,idea,idea,0.0
narma,paragraph,p02,delete,paragraph-p02-delete,idea,idea,0.0
narma,paragraph,p02,whitespace_jitter,paragraph-p02-whitespace_jitter,idea,idea,0.0
narma,paragraph,p03,delete,paragraph-p03-delete,idea,idea,0.0
narma,paragraph,p03,whitespace_jitter,paragraph-p03-whitespace_jitter,idea,idea,0.0
narma,paragraph,p04,whitespace_jitter,paragraph-p04-whitespace_jitter,idea,idea,0.0
narma,paragraph,p04,delete,paragraph-p04-delete,idea,idea,0.0
narma,paragraph,p05,delete,paragraph-p05-delete,idea,idea,0.0
narma,paragraph,p06,delete,paragraph-p06-delete,idea,idea,0.0
narma,paragraph,p05,whitespace_jitter,paragraph-p05-whitespace_jitter,idea,idea,0.0
narma,paragraph,p06,whitespace_jitter,paragraph-p06-whitespace_jitter,idea,idea,0.0
northpass,paragraph,p01,whitespace_jitter,paragraph-p01-whitespace_jitter,idea,idea,0.0
northpass,paragraph,p01,delete,paragraph-p01-delete,idea,idea,0.0
northpass,paragraph,p01,punctuation_normalize,paragraph-p01-punctuation_normalize,idea,idea,0.0
northpass,paragraph,p02,delete,paragraph-p02-delete,idea,idea,0.0
northpass,paragraph,p02,whitespace_jitter,paragraph-p02-whitespace_jitter,idea,idea,0.0
northpass,paragraph,p02,numeric_magnitude,paragraph-p02-numeric_magnitude,idea,idea,0.0
northpass,paragraph,p03,delete,paragraph-p03-delete,idea,idea,0.0
northpass,paragraph,p03,whitespace_jitter,paragraph-p03-whitespace_jitter,idea,idea,0.0
northpass,paragraph,p03,punctuation_normalize,paragraph-p03-punctuation_normalize,idea,idea,0.0
northpass,paragraph,p04,delete,paragraph-p04-delete,idea,idea,0.0
northpass,paragraph,p04,numeric_magnitude,paragraph-p04-numeric_magnitude,idea,idea,0.0
northpass,paragraph,p04,punctuation_normalize,paragraph-p04-punctuation_normalize,idea,idea,0.0
northpass,paragraph,p04,whitespace_jitter,paragraph-p04-whitespace_jitter,idea,idea,0.0
northpass,paragraph,p05,delete,paragraph-p05-delete,idea,idea,0.0
northpass,paragraph,p06,delete,paragraph-p06-delete,idea,idea,0.0
northpass,paragraph,p05,whitespace_jitter,paragraph-p05-whitespace_jitter,idea,idea,0.0
northpass,paragraph,p06,numeric_magnitude,paragraph-p06-numeric_magnitude,idea,idea,0.0
northpass,paragraph,p07,delete,paragraph-p07-delete,idea,idea,0.0
northpass,paragraph,p06,whitespace_jitter,paragraph-p06-whitespace_jitter,idea,idea,0.0
northpass,paragraph,p07,comparator_flip,paragraph-p07-comparator_flip,idea,idea,0.0
northpass,paragraph,p07,whitespace_jitter,paragraph-p07-whitespace_jitter,idea,idea,0.0
northpass,paragraph,p07,polarity_flip,paragraph-p07-polarity_flip,idea,idea,0.0
readyrounds,paragraph,p01,delete,paragraph-p01-delete,idea,idea,0.0
readyrounds,paragraph,p01,whitespace_jitter,paragraph-p01-whitespace_jitter,idea,idea,0.0
readyrounds,paragraph,p02,delete,paragraph-p02-delete,idea,idea,0.0
readyrounds,paragraph,p01,punctuation_normalize,paragraph-p01-punctuation_normalize,idea,idea,0.0
readyrounds,paragraph,p03,whitespace_jitter,paragraph-p03-whitespace_jitter,idea,idea,0.0
readyrounds,paragraph,p02,whitespace_jitter,paragraph-p02-whitespace_jitter,idea,idea,0.0
readyrounds,paragraph,p03,delete,paragraph-p03-delete,idea,idea,0.0
readyrounds,paragraph,p04,whitespace_jitter,paragraph-p04-whitespace_jitter,idea,idea,0.0
readyrounds,paragraph,p04,delete,paragraph-p04-delete,idea,idea,0.0
readyrounds,paragraph,p05,delete,paragraph-p05-delete,idea,pre-seed,1.0
readyrounds,paragraph,p06,delete,paragraph-p06-delete,idea,idea,0.0
readyrounds,paragraph,p06,whitespace_jitter,paragraph-p06-whitespace_jitter,idea,idea,0.0
readyrounds,paragraph,p05,whitespace_jitter,paragraph-p05-whitespace_jitter,idea,idea,0.0
readyrounds,paragraph,p07,delete,paragraph-p07-delete,idea,idea,0.0
readyrounds,paragraph,p07,comparator_flip,paragraph-p07-comparator_flip,idea,idea,0.0
readyrounds,paragraph,p07,whitespace_jitter,paragraph-p07-whitespace_jitter,idea,idea,0.0
rhodium,paragraph,p01,delete,paragraph-p01-delete,growth,growth,0.0
readyrounds,paragraph,p07,numeric_magnitude,paragraph-p07-numeric_magnitude,idea,idea,0.0
rhodium,paragraph,p01,whitespace_jitter,paragraph-p01-whitespace_jitter,growth,growth,0.0
rhodium,paragraph,p02,delete,paragraph-p02-delete,growth,growth,0.0
rhodium,paragraph,p01,punctuation_normalize,paragraph-p01-punctuation_normalize,growth,growth,0.0
rhodium,paragraph,p03,delete,paragraph-p03-delete,growth,growth,0.0
rhodium,paragraph,p02,whitespace_jitter,paragraph-p02-whitespace_jitter,growth,growth,0.0
rhodium,paragraph,p02,numeric_magnitude,paragraph-p02-numeric_magnitude,growth,growth,0.0
rhodium,paragraph,p03,whitespace_jitter,paragraph-p03-whitespace_jitter,growth,growth,0.0
rhodium,paragraph,p03,numeric_magnitude,paragraph-p03-numeric_magnitude,growth,growth,0.0
rhodium,paragraph,p04,numeric_magnitude,paragraph-p04-numeric_magnitude,growth,growth,0.0
rhodium,paragraph,p04,delete,paragraph-p04-delete,growth,growth,0.0
rhodium,paragraph,p04,whitespace_jitter,paragraph-p04-whitespace_jitter,growth,growth,0.0
rhodium,paragraph,p05,delete,paragraph-p05-delete,growth,growth,0.0
rhodium,paragraph,p05,numeric_magnitude,paragraph-p05-numeric_magnitude,growth,growth,0.0
rhodium,paragraph,p05,whitespace_jitter,paragraph-p05-whitespace_jitter,growth,growth,0.0
rhodium,paragraph,p06,delete,paragraph-p06-delete,growth,growth,0.0
rhodium,paragraph,p04,punctuation_normalize,paragraph-p04-punctuation_normalize,growth,scale,1.0
rhodium,paragraph,p06,numeric_magnitude,paragraph-p06-numeric_magnitude,growth,growth,0.0
rhodium,paragraph,p06,whitespace_jitter,paragraph-p06-whitespace_jitter,growth,growth,0.0
rhodium,paragraph,p07,delete,paragraph-p07-delete,growth,growth,0.0
rhodium,paragraph,p07,comparator_flip,paragraph-p07-comparator_flip,growth,growth,0.0
rhodium,paragraph,p07,polarity_flip,paragraph-p07-polarity_flip,growth,growth,0.0
rhodium,paragraph,p07,whitespace_jitter,paragraph-p07-whitespace_jitter,growth,growth,0.0
stagehand,paragraph,p01,delete,paragraph-p01-delete,idea,idea,0.0
stagehand,paragraph,p01,comparator_flip,paragraph-p01-comparator_flip,idea,idea,0.0
rhodium,paragraph,p07,numeric_magnitude,paragraph-p07-numeric_magnitude,growth,growth,0.0
rhodium,paragraph,p07,punctuation_normalize,paragraph-p07-punctuation_normalize,growth,growth,0.0
stagehand,paragraph,p02,delete,paragraph-p02-delete,idea,idea,0.0
stagehand,paragraph,p01,whitespace_jitter,paragraph-p01-whitespace_jitter,idea,idea,0.0
stagehand,paragraph,p01,punctuation_normalize,paragraph-p01-punctuation_normalize,idea,idea,0.0
stagehand,paragraph,p03,delete,paragraph-p03-delete,idea,idea,0.0
stagehand,paragraph,p02,whitespace_jitter,paragraph-p02-whitespace_jitter,idea,idea,0.0
stagehand,paragraph,p03,whitespace_jitter,paragraph-p03-whitespace_jitter,idea,idea,0.0
stagehand,paragraph,p04,delete,paragraph-p04-delete,idea,idea,0.0
stagehand,paragraph,p04,whitespace_jitter,paragraph-p04-whitespace_jitter,idea,idea,0.0
stagehand,paragraph,p05,delete,paragraph-p05-delete,idea,idea,0.0
stagehand,paragraph,p05,whitespace_jitter,paragraph-p05-whitespace_jitter,idea,idea,0.0
stagehand,paragraph,p06,delete,paragraph-p06-delete,idea,idea,0.0
stagehand,paragraph,p06,whitespace_jitter,paragraph-p06-whitespace_jitter,idea,idea,0.0
artisanflow,sentence,s01,delete,sentence-s01-delete,growth,growth,0.0
artisanflow,sentence,s01,whitespace_jitter,sentence-s01-whitespace_jitter,growth,growth,0.0
artisanflow,sentence,s02,delete,sentence-s02-delete,growth,growth,0.0
artisanflow,sentence,s02,whitespace_jitter,sentence-s02-whitespace_jitter,growth,seed,1.0
artisanflow,sentence,s03,delete,sentence-s03-delete,growth,growth,0.0
artisanflow,sentence,s03,numeric_magnitude,sentence-s03-numeric_magnitude,growth,seed,1.0
artisanflow,sentence,s03,whitespace_jitter,sentence-s03-whitespace_jitter,growth,growth,0.0
artisanflow,sentence,s04,delete,sentence-s04-delete,growth,growth,0.0
artisanflow,sentence,s04,whitespace_jitter,sentence-s04-whitespace_jitter,growth,growth,0.0
artisanflow,sentence,s04,punctuation_normalize,sentence-s04-punctuation_normalize,growth,growth,0.0
artisanflow,sentence,s05,delete,sentence-s05-delete,growth,seed,1.0
artisanflow,sentence,s05,whitespace_jitter,sentence-s05-whitespace_jitter,growth,seed,1.0
artisanflow,sentence,s06,delete,sentence-s06-delete,growth,seed,1.0
artisanflow,sentence,s07,delete,sentence-s07-delete,growth,seed,1.0
artisanflow,sentence,s08,delete,sentence-s08-delete,growth,seed,1.0
artisanflow,sentence,s07,whitespace_jitter,sentence-s07-whitespace_jitter,growth,growth,0.0
artisanflow,sentence,s08,numeric_magnitude,sentence-s08-numeric_magnitude,growth,seed,1.0
artisanflow,sentence,s08,whitespace_jitter,sentence-s08-whitespace_jitter,growth,growth,0.0
artisanflow,sentence,s09,delete,sentence-s09-delete,growth,seed,1.0
artisanflow,sentence,s10,delete,sentence-s10-delete,growth,growth,0.0
artisanflow,sentence,s10,whitespace_jitter,sentence-s10-whitespace_jitter,growth,growth,0.0
artisanflow,sentence,s09,whitespace_jitter,sentence-s09-whitespace_jitter,growth,growth,0.0
artisanflow,sentence,s11,delete,sentence-s11-delete,growth,growth,0.0
artisanflow,sentence,s11,numeric_magnitude,sentence-s11-numeric_magnitude,growth,growth,0.0
artisanflow,sentence,s11,whitespace_jitter,sentence-s11-whitespace_jitter,growth,seed,1.0
artisanflow,sentence,s12,whitespace_jitter,sentence-s12-whitespace_jitter,growth,seed,1.0
artisanflow,sentence,s13,delete,sentence-s13-delete,growth,seed,1.0
artisanflow,sentence,s12,delete,sentence-s12-delete,growth,growth,0.0
artisanflow,sentence,s13,comparator_flip,sentence-s13-comparator_flip,growth,seed,1.0
artisanflow,sentence,s14,delete,sentence-s14-delete,growth,growth,0.0
artisanflow,sentence,s14,numeric_magnitude,sentence-s14-numeric_magnitude,growth,growth,0.0
artisanflow,sentence,s13,whitespace_jitter,sentence-s13-whitespace_jitter,growth,growth,0.0
artisanflow,sentence,s15,delete,sentence-s15-delete,growth,growth,0.0
artisanflow,sentence,s15,whitespace_jitter,sentence-s15-whitespace_jitter,growth,seed,1.0
artisanflow,sentence,s16,numeric_magnitude,sentence-s16-numeric_magnitude,growth,growth,0.0
artisanflow,sentence,s16,delete,sentence-s16-delete,growth,seed,1.0
artisanflow,sentence,s17,delete,sentence-s17-delete,growth,growth,0.0
artisanflow,sentence,s17,numeric_magnitude,sentence-s17-numeric_magnitude,growth,seed,1.0
artisanflow,sentence,s17,whitespace_jitter,sentence-s17-whitespace_jitter,growth,growth,0.0
artisanflow,sentence,s18,delete,sentence-s18-delete,growth,growth,0.0
artisanflow,sentence,s18,numeric_magnitude,sentence-s18-numeric_magnitude,growth,growth,0.0
artisanflow,sentence,s18,whitespace_jitter,sentence-s18-whitespace_jitter,growth,growth,0.0
artisanflow,sentence,s19,delete,sentence-s19-delete,growth,growth,0.0
artisanflow,sentence,s19,numeric_magnitude,sentence-s19-numeric_magnitude,growth,growth,0.0
artisanflow,sentence,s20,numeric_magnitude,sentence-s20-numeric_magnitude,growth,growth,0.0
artisanflow,sentence,s20,delete,sentence-s20-delete,growth,growth,0.0
artisanflow,sentence,s21,numeric_magnitude,sentence-s21-numeric_magnitude,growth,growth,0.0
artisanflow,sentence,s21,delete,sentence-s21-delete,growth,growth,0.0
artisanflow,sentence,s22,delete,sentence-s22-delete,growth,growth,0.0
artisanflow,sentence,s22,numeric_magnitude,sentence-s22-numeric_magnitude,growth,growth,0.0
artisanflow,sentence,s23,delete,sentence-s23-delete,growth,growth,0.0
artisanflow,sentence,s22,whitespace_jitter,sentence-s22-whitespace_jitter,growth,growth,0.0
artisanflow,sentence,s23,whitespace_jitter,sentence-s23-whitespace_jitter,growth,growth,0.0
artisanflow,sentence,s24,polarity_flip,sentence-s24-polarity_flip,growth,growth,0.0
artisanflow,sentence,s24,delete,sentence-s24-delete,growth,growth,0.0
artisanflow,sentence,s25,numeric_magnitude,sentence-s25-numeric_magnitude,growth,,
artisanflow,sentence,s24,whitespace_jitter,sentence-s24-whitespace_jitter,growth,,
artisanflow,sentence,s25,delete,sentence-s25-delete,growth,,
artisanflow,sentence,s26,whitespace_jitter,sentence-s26-whitespace_jitter,growth,,
artisanflow,sentence,s26,delete,sentence-s26-delete,growth,,
artisanflow,sentence,s25,whitespace_jitter,sentence-s25-whitespace_jitter,growth,,
envelop,sentence,s01,delete,sentence-s01-delete,seed,,
envelop,sentence,s02,delete,sentence-s02-delete,seed,,
envelop,sentence,s01,whitespace_jitter,sentence-s01-whitespace_jitter,seed,,
envelop,sentence,s03,numeric_magnitude,sentence-s03-numeric_magnitude,seed,,
envelop,sentence,s02,whitespace_jitter,sentence-s02-whitespace_jitter,seed,,
envelop,sentence,s03,delete,sentence-s03-delete,seed,,
envelop,sentence,s03,whitespace_jitter,sentence-s03-whitespace_jitter,seed,,
envelop,sentence,s04,numeric_magnitude,sentence-s04-numeric_magnitude,seed,,
envelop,sentence,s04,delete,sentence-s04-delete,seed,,
envelop,sentence,s04,whitespace_jitter,sentence-s04-whitespace_jitter,seed,,
envelop,sentence,s05,delete,sentence-s05-delete,seed,,
envelop,sentence,s05,whitespace_jitter,sentence-s05-whitespace_jitter,seed,,
envelop,sentence,s06,whitespace_jitter,sentence-s06-whitespace_jitter,seed,,
envelop,sentence,s06,delete,sentence-s06-delete,seed,,
envelop,sentence,s07,delete,sentence-s07-delete,seed,,
envelop,sentence,s08,delete,sentence-s08-delete,seed,,
envelop,sentence,s07,whitespace_jitter,sentence-s07-whitespace_jitter,seed,,
envelop,sentence,s08,whitespace_jitter,sentence-s08-whitespace_jitter,seed,,
envelop,sentence,s09,numeric_magnitude,sentence-s09-numeric_magnitude,seed,,
envelop,sentence,s09,delete,sentence-s09-delete,seed,,
envelop,sentence,s09,whitespace_jitter,sentence-s09-whitespace_jitter,seed,,
envelop,sentence,s10,delete,sentence-s10-delete,seed,,
envelop,sentence,s12,delete,sentence-s12-delete,seed,,
envelop,sentence,s11,delete,sentence-s11-delete,seed,,
envelop,sentence,s12,whitespace_jitter,sentence-s12-whitespace_jitter,seed,,
envelop,sentence,s13,whitespace_jitter,sentence-s13-whitespace_jitter,seed,,
envelop,sentence,s13,delete,sentence-s13-delete,seed,,
envelop,sentence,s14,whitespace_jitter,sentence-s14-whitespace_jitter,seed,,
envelop,sentence,s14,delete,sentence-s14-delete,seed,,
envelop,sentence,s15,delete,sentence-s15-delete,seed,,
envelop,sentence,s16,delete,sentence-s16-delete,seed,,
envelop,sentence,s15,whitespace_jitter,sentence-s15-whitespace_jitter,seed,,
envelop,sentence,s16,whitespace_jitter,sentence-s16-whitespace_jitter,seed,,
envelop,sentence,s17,whitespace_jitter,sentence-s17-whitespace_jitter,seed,,
envelop,sentence,s17,delete,sentence-s17-delete,seed,,
envelop,sentence,s18,delete,sentence-s18-delete,seed,,
envelop,sentence,s19,delete,sentence-s19-delete,seed,,
envelop,sentence,s19,whitespace_jitter,sentence-s19-whitespace_jitter,seed,,
envelop,sentence,s18,whitespace_jitter,sentence-s18-whitespace_jitter,seed,,
envelop,sentence,s20,delete,sentence-s20-delete,seed,,
envelop,sentence,s21,delete,sentence-s21-delete,seed,,
envelop,sentence,s20,whitespace_jitter,sentence-s20-whitespace_jitter,seed,,
envelop,sentence,s21,whitespace_jitter,sentence-s21-whitespace_jitter,seed,,
envelop,sentence,s22,delete,sentence-s22-delete,seed,,
envelop,sentence,s22,whitespace_jitter,sentence-s22-whitespace_jitter,seed,,
envelop,sentence,s23,delete,sentence-s23-delete,seed,,
envelop,sentence,s24,delete,sentence-s24-delete,seed,,
envelop,sentence,s23,numeric_magnitude,sentence-s23-numeric_magnitude,seed,,
envelop,sentence,s24,numeric_magnitude,sentence-s24-numeric_magnitude,seed,,
envelop,sentence,s25,delete,sentence-s25-delete,seed,,
envelop,sentence,s24,whitespace_jitter,sentence-s24-whitespace_jitter,seed,,
envelop,sentence,s26,numeric_magnitude,sentence-s26-numeric_magnitude,seed,,
envelop,sentence,s26,delete,sentence-s26-delete,seed,,
envelop,sentence,s25,numeric_magnitude,sentence-s25-numeric_magnitude,seed,,
envelop,sentence,s27,numeric_magnitude,sentence-s27-numeric_magnitude,seed,,
envelop,sentence,s27,delete,sentence-s27-delete,seed,,
envelop,sentence,s27,whitespace_jitter,sentence-s27-whitespace_jitter,seed,,
envelop,sentence,s28,delete,sentence-s28-delete,seed,,
envelop,sentence,s28,whitespace_jitter,sentence-s28-whitespace_jitter,seed,,
envelop,sentence,s28,numeric_magnitude,sentence-s28-numeric_magnitude,seed,,
envelop,sentence,s29,whitespace_jitter,sentence-s29-whitespace_jitter,seed,,
envelop,sentence,s29,delete,sentence-s29-delete,seed,,
envelop,sentence,s30,delete,sentence-s30-delete,seed,,
envelop,sentence,s31,delete,sentence-s31-delete,seed,,
envelop,sentence,s30,whitespace_jitter,sentence-s30-whitespace_jitter,seed,,
envelop,sentence,s30,polarity_flip,sentence-s30-polarity_flip,seed,,
envelop,sentence,s32,numeric_magnitude,sentence-s32-numeric_magnitude,seed,,
envelop,sentence,s32,delete,sentence-s32-delete,seed,,
envelop,sentence,s31,whitespace_jitter,sentence-s31-whitespace_jitter,seed,,
envelop,sentence,s33,delete,sentence-s33-delete,seed,,
envelop,sentence,s33,whitespace_jitter,sentence-s33-whitespace_jitter,seed,,
envelop,sentence,s32,whitespace_jitter,sentence-s32-whitespace_jitter,seed,,
freakinggenius,sentence,s01,whitespace_jitter,sentence-s01-whitespace_jitter,idea,,
freakinggenius,sentence,s02,delete,sentence-s02-delete,idea,,
freakinggenius,sentence,s01,delete,sentence-s01-delete,idea,,
freakinggenius,sentence,s02,whitespace_jitter,sentence-s02-whitespace_jitter,idea,,
freakinggenius,sentence,s02,punctuation_normalize,sentence-s02-punctuation_normalize,idea,,
freakinggenius,sentence,s03,delete,sentence-s03-delete,idea,,
freakinggenius,sentence,s04,delete,sentence-s04-delete,idea,,
freakinggenius,sentence,s03,whitespace_jitter,sentence-s03-whitespace_jitter,idea,,
freakinggenius,sentence,s04,whitespace_jitter,sentence-s04-whitespace_jitter,idea,,
freakinggenius,sentence,s05,numeric_magnitude,sentence-s05-numeric_magnitude,idea,,
freakinggenius,sentence,s05,whitespace_jitter,sentence-s05-whitespace_jitter,idea,,
freakinggenius,sentence,s05,delete,sentence-s05-delete,idea,,
freakinggenius,sentence,s07,delete,sentence-s07-delete,idea,,
freakinggenius,sentence,s06,whitespace_jitter,sentence-s06-whitespace_jitter,idea,,
freakinggenius,sentence,s06,delete,sentence-s06-delete,idea,,
freakinggenius,sentence,s08,delete,sentence-s08-delete,idea,,
freakinggenius,sentence,s07,whitespace_jitter,sentence-s07-whitespace_jitter,idea,,
freakinggenius,sentence,s08,numeric_magnitude,sentence-s08-numeric_magnitude,idea,,
freakinggenius,sentence,s09,delete,sentence-s09-delete,idea,,
freakinggenius,sentence,s09,whitespace_jitter,sentence-s09-whitespace_jitter,idea,,
freakinggenius,sentence,s08,whitespace_jitter,sentence-s08-whitespace_jitter,idea,,
freakinggenius,sentence,s10,whitespace_jitter,sentence-s10-whitespace_jitter,idea,,
freakinggenius,sentence,s11,delete,sentence-s11-delete,idea,,
freakinggenius,sentence,s10,delete,sentence-s10-delete,idea,,
freakinggenius,sentence,s11,whitespace_jitter,sentence-s11-whitespace_jitter,idea,,
freakinggenius,sentence,s12,delete,sentence-s12-delete,idea,,
freakinggenius,sentence,s13,delete,sentence-s13-delete,idea,,
freakinggenius,sentence,s14,delete,sentence-s14-delete,idea,,
freakinggenius,sentence,s16,delete,sentence-s16-delete,idea,,
freakinggenius,sentence,s15,delete,sentence-s15-delete,idea,,
freakinggenius,sentence,s18,delete,sentence-s18-delete,idea,,
freakinggenius,sentence,s17,numeric_magnitude,sentence-s17-numeric_magnitude,idea,,
freakinggenius,sentence,s17,delete,sentence-s17-delete,idea,,
freakinggenius,sentence,s19,delete,sentence-s19-delete,idea,,
freakinggenius,sentence,s18,numeric_magnitude,sentence-s18-numeric_magnitude,idea,,
freakinggenius,sentence,s18,whitespace_jitter,sentence-s18-whitespace_jitter,idea,,
freakinggenius,sentence,s19,whitespace_jitter,sentence-s19-whitespace_jitter,idea,,
freakinggenius,sentence,s19,numeric_magnitude,sentence-s19-numeric_magnitude,idea,,
freakinggenius,sentence,s20,delete,sentence-s20-delete,idea,,
freakinggenius,sentence,s21,delete,sentence-s21-delete,idea,,
freakinggenius,sentence,s20,numeric_magnitude,sentence-s20-numeric_magnitude,idea,,
freakinggenius,sentence,s20,whitespace_jitter,sentence-s20-whitespace_jitter,idea,,
freakinggenius,sentence,s21,numeric_magnitude,sentence-s21-numeric_magnitude,idea,,
freakinggenius,sentence,s21,whitespace_jitter,sentence-s21-whitespace_jitter,idea,,
freakinggenius,sentence,s22,delete,sentence-s22-delete,idea,,
freakinggenius,sentence,s22,whitespace_jitter,sentence-s22-whitespace_jitter,idea,,
freakinggenius,sentence,s23,delete,sentence-s23-delete,idea,,
freakinggenius,sentence,s22,comparator_flip,sentence-s22-comparator_flip,idea,,
freakinggenius,sentence,s23,polarity_flip,sentence-s23-polarity_flip,idea,,
freakinggenius,sentence,s23,whitespace_jitter,sentence-s23-whitespace_jitter,idea,,
freakinggenius,sentence,s24,delete,sentence-s24-delete,idea,,
freakinggenius,sentence,s24,whitespace_jitter,sentence-s24-whitespace_jitter,idea,,
himom,sentence,s01,delete,sentence-s01-delete,idea,,
himom,sentence,s01,numeric_magnitude,sentence-s01-numeric_magnitude,idea,,
himom,sentence,s02,numeric_magnitude,sentence-s02-numeric_magnitude,idea,,
himom,sentence,s01,whitespace_jitter,sentence-s01-whitespace_jitter,idea,,
himom,sentence,s02,delete,sentence-s02-delete,idea,,
himom,sentence,s03,numeric_magnitude,sentence-s03-numeric_magnitude,idea,,
himom,sentence,s02,whitespace_jitter,sentence-s02-whitespace_jitter,idea,,
himom,sentence,s03,delete,sentence-s03-delete,idea,,
himom,sentence,s04,delete,sentence-s04-delete,idea,,
himom,sentence,s03,whitespace_jitter,sentence-s03-whitespace_jitter,idea,,
himom,sentence,s04,numeric_magnitude,sentence-s04-numeric_magnitude,idea,,
himom,sentence,s05,delete,sentence-s05-delete,idea,,
himom,sentence,s04,punctuation_normalize,sentence-s04-punctuation_normalize,idea,,
himom,sentence,s04,whitespace_jitter,sentence-s04-whitespace_jitter,idea,,
himom,sentence,s05,whitespace_jitter,sentence-s05-whitespace_jitter,idea,,
himom,sentence,s06,numeric_magnitude,sentence-s06-numeric_magnitude,idea,,
himom,sentence,s06,delete,sentence-s06-delete,idea,,
himom,sentence,s06,whitespace_jitter,sentence-s06-whitespace_jitter,idea,,
himom,sentence,s07,delete,sentence-s07-delete,idea,,
himom,sentence,s07,whitespace_jitter,sentence-s07-whitespace_jitter,idea,,
himom,sentence,s08,delete,sentence-s08-delete,idea,,
himom,sentence,s09,delete,sentence-s09-delete,idea,,
himom,sentence,s08,whitespace_jitter,sentence-s08-whitespace_jitter,idea,,
himom,sentence,s09,whitespace_jitter,sentence-s09-whitespace_jitter,idea,,
himom,sentence,s10,delete,sentence-s10-delete,idea,,
himom,sentence,s09,numeric_magnitude,sentence-s09-numeric_magnitude,idea,,
himom,sentence,s10,whitespace_jitter,sentence-s10-whitespace_jitter,idea,,
himom,sentence,s11,whitespace_jitter,sentence-s11-whitespace_jitter,idea,,
himom,sentence,s11,delete,sentence-s11-delete,idea,,
himom,sentence,s12,whitespace_jitter,sentence-s12-whitespace_jitter,idea,,
himom,sentence,s12,delete,sentence-s12-delete,idea,,
meridian,sentence,s01,delete,sentence-s01-delete,pre-seed,,
meridian,sentence,s02,delete,sentence-s02-delete,pre-seed,,
meridian,sentence,s01,punctuation_normalize,sentence-s01-punctuation_normalize,pre-seed,,
meridian,sentence,s01,whitespace_jitter,sentence-s01-whitespace_jitter,pre-seed,,
meridian,sentence,s03,delete,sentence-s03-delete,pre-seed,,
meridian,sentence,s02,whitespace_jitter,sentence-s02-whitespace_jitter,pre-seed,,
meridian,sentence,s02,punctuation_normalize,sentence-s02-punctuation_normalize,pre-seed,,
meridian,sentence,s04,delete,sentence-s04-delete,pre-seed,,
meridian,sentence,s04,whitespace_jitter,sentence-s04-whitespace_jitter,pre-seed,,
meridian,sentence,s03,whitespace_jitter,sentence-s03-whitespace_jitter,pre-seed,,
meridian,sentence,s05,delete,sentence-s05-delete,pre-seed,,
meridian,sentence,s05,punctuation_normalize,sentence-s05-punctuation_normalize,pre-seed,,
meridian,sentence,s05,whitespace_jitter,sentence-s05-whitespace_jitter,pre-seed,,
meridian,sentence,s06,whitespace_jitter,sentence-s06-whitespace_jitter,pre-seed,,
meridian,sentence,s07,delete,sentence-s07-delete,pre-seed,,
meridian,sentence,s06,delete,sentence-s06-delete,pre-seed,,
meridian,sentence,s08,whitespace_jitter,sentence-s08-whitespace_jitter,pre-seed,,
meridian,sentence,s09,delete,sentence-s09-delete,pre-seed,,
meridian,sentence,s08,delete,sentence-s08-delete,pre-seed,,
meridian,sentence,s10,delete,sentence-s10-delete,pre-seed,,
meridian,sentence,s09,whitespace_jitter,sentence-s09-whitespace_jitter,pre-seed,,
meridian,sentence,s09,numeric_magnitude,sentence-s09-numeric_magnitude,pre-seed,,
meridian,sentence,s11,delete,sentence-s11-delete,pre-seed,,
meridian,sentence,s11,whitespace_jitter,sentence-s11-whitespace_jitter,pre-seed,,
meridian,sentence,s10,whitespace_jitter,sentence-s10-whitespace_jitter,pre-seed,,
meridian,sentence,s13,delete,sentence-s13-delete,pre-seed,,
meridian,sentence,s12,delete,sentence-s12-delete,pre-seed,,
meridian,sentence,s12,whitespace_jitter,sentence-s12-whitespace_jitter,pre-seed,,
meridian,sentence,s13,numeric_magnitude,sentence-s13-numeric_magnitude,pre-seed,,
meridian,sentence,s13,whitespace_jitter,sentence-s13-whitespace_jitter,pre-seed,,
meridian,sentence,s14,delete,sentence-s14-delete,pre-seed,,
meridian,sentence,s15,delete,sentence-s15-delete,pre-seed,,
meridian,sentence,s15,whitespace_jitter,sentence-s15-whitespace_jitter,pre-seed,,
meridian,sentence,s14,whitespace_jitter,sentence-s14-whitespace_jitter,pre-seed,,
meridian,sentence,s16,whitespace_jitter,sentence-s16-whitespace_jitter,pre-seed,,
meridian,sentence,s16,delete,sentence-s16-delete,pre-seed,,
meridian,sentence,s17,delete,sentence-s17-delete,pre-seed,,
meridian,sentence,s17,numeric_magnitude,sentence-s17-numeric_magnitude,pre-seed,,
meridian,sentence,s18,delete,sentence-s18-delete,pre-seed,,
meridian,sentence,s17,whitespace_jitter,sentence-s17-whitespace_jitter,pre-seed,,
meridian,sentence,s18,whitespace_jitter,sentence-s18-whitespace_jitter,pre-seed,,
meridian,sentence,s19,delete,sentence-s19-delete,pre-seed,,
meridian,sentence,s19,numeric_magnitude,sentence-s19-numeric_magnitude,pre-seed,,
meridian,sentence,s20,numeric_magnitude,sentence-s20-numeric_magnitude,pre-seed,,
meridian,sentence,s19,whitespace_jitter,sentence-s19-whitespace_jitter,pre-seed,,
meridian,sentence,s20,delete,sentence-s20-delete,pre-seed,,
meridian,sentence,s20,whitespace_jitter,sentence-s20-whitespace_jitter,pre-seed,,
meridian,sentence,s21,delete,sentence-s21-delete,pre-seed,,
meridian,sentence,s21,numeric_magnitude,sentence-s21-numeric_magnitude,pre-seed,,
meridian,sentence,s22,whitespace_jitter,sentence-s22-whitespace_jitter,pre-seed,,
meridian,sentence,s22,delete,sentence-s22-delete,pre-seed,,
meridian,sentence,s21,whitespace_jitter,sentence-s21-whitespace_jitter,pre-seed,,
meridian,sentence,s24,delete,sentence-s24-delete,pre-seed,,
meridian,sentence,s23,whitespace_jitter,sentence-s23-whitespace_jitter,pre-seed,,
meridian,sentence,s23,delete,sentence-s23-delete,pre-seed,,
meridian,sentence,s24,whitespace_jitter,sentence-s24-whitespace_jitter,pre-seed,,
meridian,sentence,s25,whitespace_jitter,sentence-s25-whitespace_jitter,pre-seed,,
meridian,sentence,s25,delete,sentence-s25-delete,pre-seed,,
meridian,sentence,s26,whitespace_jitter,sentence-s26-whitespace_jitter,pre-seed,,
meridian,sentence,s26,delete,sentence-s26-delete,pre-seed,,
narma,sentence,s01,delete,sentence-s01-delete,idea,,
narma,sentence,s01,whitespace_jitter,sentence-s01-whitespace_jitter,idea,,
narma,sentence,s01,punctuation_normalize,sentence-s01-punctuation_normalize,idea,,
narma,sentence,s02,delete,sentence-s02-delete,idea,,
narma,sentence,s03,delete,sentence-s03-delete,idea,,
narma,sentence,s03,numeric_magnitude,sentence-s03-numeric_magnitude,idea,,
narma,sentence,s02,whitespace_jitter,sentence-s02-whitespace_jitter,idea,,
narma,sentence,s04,numeric_magnitude,sentence-s04-numeric_magnitude,idea,,
narma,sentence,s03,whitespace_jitter,sentence-s03-whitespace_jitter,idea,,
narma,sentence,s04,delete,sentence-s04-delete,idea,,
narma,sentence,s04,whitespace_jitter,sentence-s04-whitespace_jitter,idea,,
narma,sentence,s05,delete,sentence-s05-delete,idea,,
narma,sentence,s04,punctuation_normalize,sentence-s04-punctuation_normalize,idea,,
narma,sentence,s05,punctuation_normalize,sentence-s05-punctuation_normalize,idea,,
narma,sentence,s05,whitespace_jitter,sentence-s05-whitespace_jitter,idea,,
narma,sentence,s05,numeric_magnitude,sentence-s05-numeric_magnitude,idea,,
narma,sentence,s06,delete,sentence-s06-delete,idea,,
narma,sentence,s06,whitespace_jitter,sentence-s06-whitespace_jitter,idea,,
narma,sentence,s06,punctuation_normalize,sentence-s06-punctuation_normalize,idea,,
narma,sentence,s07,whitespace_jitter,sentence-s07-whitespace_jitter,idea,,
narma,sentence,s07,polarity_flip,sentence-s07-polarity_flip,idea,,
narma,sentence,s07,delete,sentence-s07-delete,idea,,
narma,sentence,s07,punctuation_normalize,sentence-s07-punctuation_normalize,idea,,
narma,sentence,s08,whitespace_jitter,sentence-s08-whitespace_jitter,idea,,
narma,sentence,s08,delete,sentence-s08-delete,idea,,
narma,sentence,s09,delete,sentence-s09-delete,idea,,
narma,sentence,s10,delete,sentence-s10-delete,idea,,
narma,sentence,s09,whitespace_jitter,sentence-s09-whitespace_jitter,idea,,
narma,sentence,s11,delete,sentence-s11-delete,idea,,
narma,sentence,s11,whitespace_jitter,sentence-s11-whitespace_jitter,idea,,
narma,sentence,s10,whitespace_jitter,sentence-s10-whitespace_jitter,idea,,
northpass,sentence,s01,punctuation_normalize,sentence-s01-punctuation_normalize,idea,,
northpass,sentence,s01,whitespace_jitter,sentence-s01-whitespace_jitter,idea,,
northpass,sentence,s01,delete,sentence-s01-delete,idea,,
northpass,sentence,s03,delete,sentence-s03-delete,idea,,
northpass,sentence,s02,whitespace_jitter,sentence-s02-whitespace_jitter,idea,,
northpass,sentence,s02,delete,sentence-s02-delete,idea,,
northpass,sentence,s04,numeric_magnitude,sentence-s04-numeric_magnitude,idea,,
northpass,sentence,s04,delete,sentence-s04-delete,idea,,
northpass,sentence,s03,whitespace_jitter,sentence-s03-whitespace_jitter,idea,,
northpass,sentence,s05,whitespace_jitter,sentence-s05-whitespace_jitter,idea,,
northpass,sentence,s06,delete,sentence-s06-delete,idea,,
northpass,sentence,s05,delete,sentence-s05-delete,idea,,
northpass,sentence,s07,whitespace_jitter,sentence-s07-whitespace_jitter,idea,,
northpass,sentence,s06,whitespace_jitter,sentence-s06-whitespace_jitter,idea,,
northpass,sentence,s07,delete,sentence-s07-delete,idea,,
northpass,sentence,s09,delete,sentence-s09-delete,idea,,
northpass,sentence,s08,delete,sentence-s08-delete,idea,,
northpass,sentence,s08,whitespace_jitter,sentence-s08-whitespace_jitter,idea,,
northpass,sentence,s10,delete,sentence-s10-delete,idea,,
northpass,sentence,s09,punctuation_normalize,sentence-s09-punctuation_normalize,idea,,
northpass,sentence,s09,whitespace_jitter,sentence-s09-whitespace_jitter,idea,,
northpass,sentence,s10,numeric_magnitude,sentence-s10-numeric_magnitude,idea,,
northpass,sentence,s11,delete,sentence-s11-delete,idea,,
northpass,sentence,s10,whitespace_jitter,sentence-s10-whitespace_jitter,idea,,
northpass,sentence,s12,delete,sentence-s12-delete,idea,,
northpass,sentence,s11,whitespace_jitter,sentence-s11-whitespace_jitter,idea,,
northpass,sentence,s11,punctuation_normalize,sentence-s11-punctuation_normalize,idea,,
northpass,sentence,s12,whitespace_jitter,sentence-s12-whitespace_jitter,idea,,
northpass,sentence,s13,whitespace_jitter,sentence-s13-whitespace_jitter,idea,,
northpass,sentence,s13,delete,sentence-s13-delete,idea,,
northpass,sentence,s14,delete,sentence-s14-delete,idea,,
northpass,sentence,s15,delete,sentence-s15-delete,idea,,
northpass,sentence,s15,whitespace_jitter,sentence-s15-whitespace_jitter,idea,,
northpass,sentence,s17,delete,sentence-s17-delete,idea,,
northpass,sentence,s16,whitespace_jitter,sentence-s16-whitespace_jitter,idea,,
northpass,sentence,s16,delete,sentence-s16-delete,idea,,
northpass,sentence,s18,whitespace_jitter,sentence-s18-whitespace_jitter,idea,,
northpass,sentence,s18,delete,sentence-s18-delete,idea,,
northpass,sentence,s17,whitespace_jitter,sentence-s17-whitespace_jitter,idea,,
northpass,sentence,s19,numeric_magnitude,sentence-s19-numeric_magnitude,idea,,
northpass,sentence,s19,whitespace_jitter,sentence-s19-whitespace_jitter,idea,,
northpass,sentence,s19,delete,sentence-s19-delete,idea,,
northpass,sentence,s21,delete,sentence-s21-delete,idea,,
northpass,sentence,s20,whitespace_jitter,sentence-s20-whitespace_jitter,idea,,
northpass,sentence,s20,delete,sentence-s20-delete,idea,,
northpass,sentence,s21,whitespace_jitter,sentence-s21-whitespace_jitter,idea,,
northpass,sentence,s22,delete,sentence-s22-delete,idea,,
northpass,sentence,s22,comparator_flip,sentence-s22-comparator_flip,idea,,
northpass,sentence,s22,whitespace_jitter,sentence-s22-whitespace_jitter,idea,,
northpass,sentence,s23,polarity_flip,sentence-s23-polarity_flip,idea,,
northpass,sentence,s23,delete,sentence-s23-delete,idea,,
northpass,sentence,s23,whitespace_jitter,sentence-s23-whitespace_jitter,idea,,
northpass,sentence,s24,delete,sentence-s24-delete,idea,,
northpass,sentence,s25,delete,sentence-s25-delete,idea,,
northpass,sentence,s27,delete,sentence-s27-delete,idea,,
northpass,sentence,s26,delete,sentence-s26-delete,idea,,
northpass,sentence,s27,whitespace_jitter,sentence-s27-whitespace_jitter,idea,,
readyrounds,sentence,s01,delete,sentence-s01-delete,idea,,
readyrounds,sentence,s01,punctuation_normalize,sentence-s01-punctuation_normalize,idea,,
readyrounds,sentence,s01,whitespace_jitter,sentence-s01-whitespace_jitter,idea,,
readyrounds,sentence,s03,delete,sentence-s03-delete,idea,,
readyrounds,sentence,s02,whitespace_jitter,sentence-s02-whitespace_jitter,idea,,
readyrounds,sentence,s02,delete,sentence-s02-delete,idea,,
readyrounds,sentence,s04,whitespace_jitter,sentence-s04-whitespace_jitter,idea,,
readyrounds,sentence,s03,whitespace_jitter,sentence-s03-whitespace_jitter,idea,,
readyrounds,sentence,s04,delete,sentence-s04-delete,idea,,
readyrounds,sentence,s05,whitespace_jitter,sentence-s05-whitespace_jitter,idea,,
readyrounds,sentence,s05,delete,sentence-s05-delete,idea,,
readyrounds,sentence,s06,delete,sentence-s06-delete,idea,,
readyrounds,sentence,s07,delete,sentence-s07-delete,idea,,
readyrounds,sentence,s06,whitespace_jitter,sentence-s06-whitespace_jitter,idea,,
readyrounds,sentence,s07,whitespace_jitter,sentence-s07-whitespace_jitter,idea,,
readyrounds,sentence,s09,delete,sentence-s09-delete,idea,,
readyrounds,sentence,s08,whitespace_jitter,sentence-s08-whitespace_jitter,idea,,
readyrounds,sentence,s08,delete,sentence-s08-delete,idea,,
readyrounds,sentence,s09,numeric_magnitude,sentence-s09-numeric_magnitude,idea,,
readyrounds,sentence,s09,whitespace_jitter,sentence-s09-whitespace_jitter,idea,,
readyrounds,sentence,s09,comparator_flip,sentence-s09-comparator_flip,idea,,
readyrounds,sentence,s10,delete,sentence-s10-delete,idea,,
readyrounds,sentence,s10,comparator_flip,sentence-s10-comparator_flip,idea,,
readyrounds,sentence,s10,numeric_magnitude,sentence-s10-numeric_magnitude,idea,,
rhodium,sentence,s01,delete,sentence-s01-delete,growth,,
rhodium,sentence,s01,whitespace_jitter,sentence-s01-whitespace_jitter,growth,,
readyrounds,sentence,s10,whitespace_jitter,sentence-s10-whitespace_jitter,idea,,
rhodium,sentence,s02,whitespace_jitter,sentence-s02-whitespace_jitter,growth,,
rhodium,sentence,s03,delete,sentence-s03-delete,growth,,
rhodium,sentence,s02,delete,sentence-s02-delete,growth,,
rhodium,sentence,s03,whitespace_jitter,sentence-s03-whitespace_jitter,growth,,
rhodium,sentence,s04,delete,sentence-s04-delete,growth,,
rhodium,sentence,s03,punctuation_normalize,sentence-s03-punctuation_normalize,growth,,
rhodium,sentence,s05,delete,sentence-s05-delete,growth,,
rhodium,sentence,s04,whitespace_jitter,sentence-s04-whitespace_jitter,growth,,
rhodium,sentence,s04,numeric_magnitude,sentence-s04-numeric_magnitude,growth,,
rhodium,sentence,s05,whitespace_jitter,sentence-s05-whitespace_jitter,growth,,
rhodium,sentence,s05,numeric_magnitude,sentence-s05-numeric_magnitude,growth,,
rhodium,sentence,s06,delete,sentence-s06-delete,growth,,
rhodium,sentence,s07,delete,sentence-s07-delete,growth,,
rhodium,sentence,s06,whitespace_jitter,sentence-s06-whitespace_jitter,growth,,
rhodium,sentence,s06,numeric_magnitude,sentence-s06-numeric_magnitude,growth,,
rhodium,sentence,s08,numeric_magnitude,sentence-s08-numeric_magnitude,growth,,
rhodium,sentence,s07,whitespace_jitter,sentence-s07-whitespace_jitter,growth,,
rhodium,sentence,s08,delete,sentence-s08-delete,growth,,
rhodium,sentence,s09,delete,sentence-s09-delete,growth,,
rhodium,sentence,s08,whitespace_jitter,sentence-s08-whitespace_jitter,growth,,
rhodium,sentence,s09,numeric_magnitude,sentence-s09-numeric_magnitude,growth,,
rhodium,sentence,s09,whitespace_jitter,sentence-s09-whitespace_jitter,growth,,
rhodium,sentence,s10,delete,sentence-s10-delete,growth,,
rhodium,sentence,s09,punctuation_normalize,sentence-s09-punctuation_normalize,growth,,
rhodium,sentence,s11,numeric_magnitude,sentence-s11-numeric_magnitude,growth,,
rhodium,sentence,s10,whitespace_jitter,sentence-s10-whitespace_jitter,growth,,
rhodium,sentence,s11,delete,sentence-s11-delete,growth,,
rhodium,sentence,s11,whitespace_jitter,sentence-s11-whitespace_jitter,growth,,
rhodium,sentence,s12,delete,sentence-s12-delete,growth,,
rhodium,sentence,s12,numeric_magnitude,sentence-s12-numeric_magnitude,growth,,
rhodium,sentence,s13,whitespace_jitter,sentence-s13-whitespace_jitter,growth,,
rhodium,sentence,s12,whitespace_jitter,sentence-s12-whitespace_jitter,growth,,
rhodium,sentence,s13,delete,sentence-s13-delete,growth,,
rhodium,sentence,s14,delete,sentence-s14-delete,growth,,
rhodium,sentence,s14,whitespace_jitter,sentence-s14-whitespace_jitter,growth,,
rhodium,sentence,s15,delete,sentence-s15-delete,growth,,
rhodium,sentence,s15,whitespace_jitter,sentence-s15-whitespace_jitter,growth,,
rhodium,sentence,s16,delete,sentence-s16-delete,growth,,
rhodium,sentence,s15,numeric_magnitude,sentence-s15-numeric_magnitude,growth,,
rhodium,sentence,s17,delete,sentence-s17-delete,growth,,
rhodium,sentence,s17,numeric_magnitude,sentence-s17-numeric_magnitude,growth,,
rhodium,sentence,s16,whitespace_jitter,sentence-s16-whitespace_jitter,growth,,
rhodium,sentence,s18,delete,sentence-s18-delete,growth,,
rhodium,sentence,s17,whitespace_jitter,sentence-s17-whitespace_jitter,growth,,
rhodium,sentence,s18,numeric_magnitude,sentence-s18-numeric_magnitude,growth,,
rhodium,sentence,s19,delete,sentence-s19-delete,growth,,
rhodium,sentence,s19,numeric_magnitude,sentence-s19-numeric_magnitude,growth,,
rhodium,sentence,s18,whitespace_jitter,sentence-s18-whitespace_jitter,growth,,
rhodium,sentence,s20,delete,sentence-s20-delete,growth,,
rhodium,sentence,s20,numeric_magnitude,sentence-s20-numeric_magnitude,growth,,
rhodium,sentence,s19,whitespace_jitter,sentence-s19-whitespace_jitter,growth,,
rhodium,sentence,s21,comparator_flip,sentence-s21-comparator_flip,growth,,
rhodium,sentence,s20,whitespace_jitter,sentence-s20-whitespace_jitter,growth,,
rhodium,sentence,s21,delete,sentence-s21-delete,growth,,
rhodium,sentence,s22,delete,sentence-s22-delete,growth,,
rhodium,sentence,s21,whitespace_jitter,sentence-s21-whitespace_jitter,growth,,
rhodium,sentence,s22,polarity_flip,sentence-s22-polarity_flip,growth,,
rhodium,sentence,s23,delete,sentence-s23-delete,growth,,
rhodium,sentence,s23,whitespace_jitter,sentence-s23-whitespace_jitter,growth,,
rhodium,sentence,s22,whitespace_jitter,sentence-s22-whitespace_jitter,growth,,
rhodium,sentence,s24,delete,sentence-s24-delete,growth,,
rhodium,sentence,s24,whitespace_jitter,sentence-s24-whitespace_jitter,growth,,
rhodium,sentence,s25,delete,sentence-s25-delete,growth,,
rhodium,sentence,s25,punctuation_normalize,sentence-s25-punctuation_normalize,growth,,
rhodium,sentence,s25,whitespace_jitter,sentence-s25-whitespace_jitter,growth,,
rhodium,sentence,s25,numeric_magnitude,sentence-s25-numeric_magnitude,growth,,
stagehand,sentence,s01,delete,sentence-s01-delete,idea,,
stagehand,sentence,s02,delete,sentence-s02-delete,idea,,
stagehand,sentence,s01,whitespace_jitter,sentence-s01-whitespace_jitter,idea,,
stagehand,sentence,s03,whitespace_jitter,sentence-s03-whitespace_jitter,idea,,
stagehand,sentence,s02,whitespace_jitter,sentence-s02-whitespace_jitter,idea,,
stagehand,sentence,s03,delete,sentence-s03-delete,idea,,
stagehand,sentence,s04,delete,sentence-s04-delete,idea,,
stagehand,sentence,s04,comparator_flip,sentence-s04-comparator_flip,idea,,
stagehand,sentence,s03,punctuation_normalize,sentence-s03-punctuation_normalize,idea,,
stagehand,sentence,s04,whitespace_jitter,sentence-s04-whitespace_jitter,idea,,
stagehand,sentence,s05,delete,sentence-s05-delete,idea,,
stagehand,sentence,s05,whitespace_jitter,sentence-s05-whitespace_jitter,idea,,
stagehand,sentence,s06,whitespace_jitter,sentence-s06-whitespace_jitter,idea,,
stagehand,sentence,s05,punctuation_normalize,sentence-s05-punctuation_normalize,idea,,
stagehand,sentence,s06,delete,sentence-s06-delete,idea,,
stagehand,sentence,s07,delete,sentence-s07-delete,idea,,
stagehand,sentence,s07,whitespace_jitter,sentence-s07-whitespace_jitter,idea,,
stagehand,sentence,s08,delete,sentence-s08-delete,idea,,
stagehand,sentence,s09,whitespace_jitter,sentence-s09-whitespace_jitter,idea,,
stagehand,sentence,s08,whitespace_jitter,sentence-s08-whitespace_jitter,idea,,
stagehand,sentence,s09,delete,sentence-s09-delete,idea,,
stagehand,sentence,s11,delete,sentence-s11-delete,idea,,
stagehand,sentence,s10,whitespace_jitter,sentence-s10-whitespace_jitter,idea,,
stagehand,sentence,s10,delete,sentence-s10-delete,idea,,
stagehand,sentence,s11,whitespace_jitter,sentence-s11-whitespace_jitter,idea,,
stagehand,sentence,s12,delete,sentence-s12-delete,idea,,
stagehand,sentence,s12,whitespace_jitter,sentence-s12-whitespace_jitter,idea,,
